specimenID,GUID_triplet,GUID_url,latitude,longitude,putative_sex,Family,Latin_name,County,year_collected,Na,Mg,Al,P,K,Ca,V,Cr,Mn,Fe,Co,Ni,Cu,Zn,As,Se,Cd,Pb,skull_length,skull_height,skull_width,total_length,tail_length,hindfoot,county_decade_pop,closest_pop,closest_pop_size_atTime,pop_type,distance_to_pop,county_area_m
373,MMNH:Mamm:373,https://arctos.database.museum/guid/MMNH:Mamm:373,47.8222,-90.425,F,Soricidae,Blarina brevicauda,Cook,1922,2290.621147,457.5413061,148.8049236,3067.221567,5654.874623,937.7872307,0.445187481,1.42700827,13.22990275,341.7772332,0.221032413,2.096229327,111.642722,122.6603312,20289.01059,2.021088327,0.434496072,47.0488035,12.1,6.82,12.73,127,27,14,1841,Grand Marais,443,City,10478.00346,4160756414
389,MMNH:Mamm:389,https://arctos.database.museum/guid/MMNH:Mamm:389,47.5533,-90.8733,F,Soricidae,Blarina brevicauda,Cook,1922,1711.857762,335.7736791,172.3928534,2534.742515,3650.775475,828.9618164,0.568765615,1.722604877,11.80404553,218.271635,0.271279995,1.016099734,21.98754485,62.52997157,195713.2875,1.756364094,0.537179196,30.24201385,11.53,6.53,12.65,124,26,21,1841,Township of Tofte,106,Township,3615.347529,4160756414
393,MMNH:Mamm:393,https://arctos.database.museum/guid/MMNH:Mamm:393,47.5088,-91.0499,M,Soricidae,Blarina brevicauda,Cook,1922,3010.032472,446.8121528,154.9347034,3411.952523,5127.45294,780.4088668,0.332349196,4.28139195,7.194104321,250.1465958,0.166243076,2.141580365,47.25357243,105.9445257,58770.88305,1.950030429,0.307321722,27.63620194,12.1,6.69,11.95,113,26,16,1841,Township of Tofte,106,Township,17645.26567,4160756414
397,MMNH:Mamm:397,https://arctos.database.museum/guid/MMNH:Mamm:397,47.8686,-90.6347,M,Soricidae,Blarina brevicauda,Cook,1922,1684.322997,457.9694994,99.52826641,2213.688698,3537.943992,989.7921303,0.542562348,22.12884574,13.13849289,238.4043773,0.15846877,1.434141843,21.9677729,116.2667118,95668.45322,1.335500284,0.343251338,145.4120196,11.66,6.38,11.79,125,27,16,1841,Lutsen,125,Populated Pl,25786.90232,4160756414
652,MMNH:Mamm:652,https://arctos.database.museum/guid/MMNH:Mamm:652,NA,NA,F,Soricidae,Blarina brevicauda,Cook,1923,1127.896751,367.7069511,68.53665186,1920.655386,3632.863478,1117.689959,3.78689959,0.796212931,6.38488824,146.8910899,0.09963147,1.082643229,42.88914445,158.4003534,147545.048,27.54965414,53.07869212,320.3570744,11.13,6.6,12.16,110,21,14,1841,,NA,,NA,4160756414
7438,MMNH:Mamm:7438,https://arctos.database.museum/guid/MMNH:Mamm:7438,47.8798,-89.911,F,Soricidae,Blarina brevicauda,Cook,1965,19264.94527,461.7540724,9.735498176,2510.215986,5150.527074,957.4183869,<LOD,0.517889966,2.429215013,76.06316327,0.080818775,1.233720485,7.53152751,155.9543432,366.6788159,1.137005163,0.732505282,4.086560307,11.36,6.56,12.15,107,20,14,3423,Grand Portage Reservation,NA,Tribal,19330.0643,4160756414
11221,MMNH:Mamm:11221,https://arctos.database.museum/guid/MMNH:Mamm:11221,47.764,-90.569,M,Soricidae,Blarina brevicauda,Cook,1972,2017.938509,579.0391275,70.04359766,2454.394216,5348.05568,1527.20673,0.208090874,0.852620618,18.48666891,179.2090037,0.251439602,8.242658956,10.59691368,139.0666273,59.75335382,1.05115791,0.585370219,9.570131144,12.16,6.78,12.54,128,29,16,3423,Lutsen,NA,Populated Pl,16844.26189,4160756414
11234,MMNH:Mamm:11234,https://arctos.database.museum/guid/MMNH:Mamm:11234,48.0957,-90.8301,F,Soricidae,Blarina brevicauda,Cook,1972,2851.116695,616.1522814,69.72708625,5101.626701,8505.504336,855.5272312,0.234044207,2.231899075,16.42390402,352.1209783,0.559760943,5.209604106,13.27802224,95.41609932,79.12181536,1.475271756,0.310470996,20.16425027,11.97,6.8,12.5,115,26,16,3423,Lutsen,NA,Populated Pl,51502.95042,4160756414
2781,MMNH:Mamm:2781,https://arctos.database.museum/guid/MMNH:Mamm:2781,NA,NA,,Soricidae,Blarina brevicauda,Lake of the woods,1949,30160.60054,445.8915256,30.28576057,4179.67328,5591.63254,731.5672709,<LOD,0.602672903,5.360853661,135.3553625,0.077324738,1.177671279,17.22289301,92.92239858,601.9067006,1.257503724,0.464169385,8.170526811,12.02,7.13,12.78,115,25,15,4955,,NA,,NA,4608320923
2843,MMNH:Mamm:2843,https://arctos.database.museum/guid/MMNH:Mamm:2843,47.0228,-91.6706,M,Soricidae,Blarina brevicauda,Lake,1940,19025.05243,682.0383247,58.12780356,5284.726515,7016.792114,758.1842187,0.545447181,1.192124579,9.421173091,292.2794147,0.181374188,1.315001231,113.2749967,136.4252383,37227.37412,2.364292028,5.882996522,20.75519809,11.8,6.85,12.21,110,21,15,6956,Two Harbors,4046,City,3.88847681,5924950382
9142,MMNH:Mamm:9142,https://arctos.database.museum/guid/MMNH:Mamm:9142,47.2165,-94.629,M,Muridae,Peromyscus leucopus,Cass,1966,34860.12847,390.1078456,31.62781405,3506.961913,4835.355309,728.0496531,0.096682606,0.47065644,4.854597199,101.9852878,0.115777868,0.832235171,7.921398653,63.03232862,24.06684006,0.342850125,0.474621278,3.726876182,15.95,7.88,11.82,175,82,21,16720,Laporte,155,City,9463.011697,6249034272
9366,MMNH:Mamm:9366,https://arctos.database.museum/guid/MMNH:Mamm:9366,47.0257,-94.6561,F,Muridae,Peromyscus leucopus,Cass,1967,35791.11866,401.3704154,17.71957413,3123.467289,5506.045324,708.544767,<LOD,0.360822292,3.047668971,63.89163218,0.11814065,7.174587108,8.439421958,84.9739363,16.63838679,0.632754516,0.202574933,2.104798393,15.77,8.3,11.9,175,81,21,16720,Akeley,468,City,6137.372402,6249034272
15675,MMNH:Mamm:15675,https://arctos.database.museum/guid/MMNH:Mamm:15675,46.6224,-94.7383,F,Sciuridae,Sciurus carolinensis,Cass,1969,17848.0179,352.9668827,17.8432538,3089.4217,3631.482648,426.7874734,0.039611988,0.521833733,2.154233797,52.39611608,0.028991491,0.812283227,5.026262825,39.27960322,56.06522735,0.297603974,0.478213748,4.358478623,34.14,18.8,26.89,462,210,66,17323,Township of Lyons (Poplar),207,Township,7016.541409,6249034272
18349,MMNH:Mamm:18349,https://arctos.database.museum/guid/MMNH:Mamm:18349,47.231,-95.1956,M,Muridae,Peromyscus leucopus,Clearwater,1999,4203.971841,521.3423803,57.73312925,5467.070901,5962.45615,594.8085,0.042121097,0.832826339,3.524884291,155.37321,0.184729171,10.62458435,13.67994485,93.04661516,2.113277279,0.802330451,0.139866366,3.573585571,15.71,8.01,11.27,149,69,20,NA,Lake George,NA,Populated Pl,15744.40721,2666946277
18352,MMNH:Mamm:18352,https://arctos.database.museum/guid/MMNH:Mamm:18352,47.1876,-95.1785,F,Muridae,Peromyscus leucopus,Clearwater,1999,3186.075137,674.9669489,32.9121195,5584.125425,7420.315931,658.7527289,<LOD,0.441293064,3.315957417,80.32161885,0.075404764,3.629330129,8.986686248,94.41636533,4.488684361,0.521905163,0.100781149,3.909409258,16.12,8.02,12.04,155,75,22,NA,Lake George,NA,Populated Pl,14110.26014,2666946277
19069,MMNH:Mamm:19069,https://arctos.database.museum/guid/MMNH:Mamm:19069,47.2331,-95.2581,M,Muridae,Peromyscus leucopus,Clearwater,2005,5398.203519,1093.196036,49.82424764,10076.61078,15310.04586,928.5326879,<LOD,3.810008622,7.134191667,171.237838,0.083537942,1.568780161,11.23184851,152.9546253,62.79877851,1.314163332,0.134801449,21.70803842,14.92,7.54,11.56,154,74,19,NA,South End,NA,Populated Pl,19079.2558,2666946277
15066,MMNH:Mamm:15066,https://arctos.database.museum/guid/MMNH:Mamm:15066,47.3728,-96.168,F,Soricidae,Blarina brevicauda,Norman,1988,4468.487863,794.0420802,79.05736823,5188.715025,7564.138788,1965.339006,0.183666271,1.334071686,24.27267857,157.5021873,0.218119105,45.04217313,37.6742542,110.1829887,449.9150021,1.860990138,0.690736474,6.567682059,12.42,6.38,12.72,124,28,11,7816,Gary (Mahnomen),1024,City,7497.798711,2272680681
14439,MMNH:Mamm:14439,https://arctos.database.museum/guid/MMNH:Mamm:14439,47.5349,-94.8141,F,Muridae,Peromyscus leucopus,Beltrami,1979,4224.16183,1474.537092,31.25280791,7105.929785,11436.96758,975.1569002,<LOD,0.868110127,43.52653487,102.056503,0.104545445,5.995077883,15.71439958,110.8731705,7.136723352,0.851088966,0.515796636,4.807199152,13.82,7.63,11.91,173,76,12,30982,Township of Northern,3211,Township,3094.840969,7911449533
11931,MMNH:Mamm:11931,https://arctos.database.museum/guid/MMNH:Mamm:11931,46.87844,-94.8392,M,Soricidae,Blarina brevicauda,Hubbard,1972,2019.822936,825.4754904,36.03589607,2686.879809,4574.6687,1415.33975,0.155660768,0.381765633,19.52472929,241.5590548,0.254120116,2.407892117,12.20477604,124.3289267,10.08270931,1.578015697,0.45132384,6.281675996,11.89,6.5,12.6,125,25,15,10583,Nevis,NA,City,9652.441586,2588109757
14408,MMNH:Mamm:14408,https://arctos.database.museum/guid/MMNH:Mamm:14408,47.2023,-96.1841,F,Soricidae,Blarina brevicauda,Norman,1979,2752.674151,660.4628156,62.83068471,4074.831097,7794.707387,1405.241234,0.127925016,0.702397125,30.15346316,192.6397388,0.192711835,6.430736412,11.04732401,126.0681066,17.59712746,2.278823038,0.674251623,7.801907317,12.02,6.66,12.8,120,21,16,9379,Township of Flom,286,Township,5716.241995,2272680681
2845,MMNH:Mamm:2845,https://arctos.database.museum/guid/MMNH:Mamm:2845,NA,NA,F,Soricidae,Blarina brevicauda,Itasca,1938,2898.631776,607.7157117,135.2835777,3187.182796,4737.395828,1878.138127,0.724412825,2.332249785,16.0790343,421.5298072,0.266253525,3.344517168,26.25714297,180.7600624,5126.248831,1.821111248,2.066603464,9693.972452,12.13,6.73,12.15,120.6,23.8,14.3,32996,,NA,,NA,7577272797
15227,MMNH:Mamm:15227,https://arctos.database.museum/guid/MMNH:Mamm:15227,45.2368,-96.39,M,Muridae,Peromyscus leucopus,Lac qui parle,1988,3302.305254,668.6713269,192.8743373,4183.186961,6397.535586,1285.201999,0.282509901,2.254634367,14.85765057,289.6487473,0.21399625,5.604780114,13.01807047,104.0332719,80.79658575,1.563955798,0.424276443,10.91214922,14.16,8.64,12.36,194,91,22,8924,Odessa (Appleton),1552,City,5453.670869,2016664273
16517,MMNH:Mamm:16517,https://arctos.database.museum/guid/MMNH:Mamm:16517,44.9695,-96.3591,F,Soricidae,Blarina brevicauda,Lac qui parle,1991,18878.65369,861.4112474,149.4861951,6000.012148,7756.460206,1244.823162,0.266812147,2.000004436,16.99357432,239.4499179,0.330021908,9.419101249,9.332731496,603.7705137,126.8227906,3.482198801,0.491152231,2.358853238,12.43,7.39,12.66,134,30,16,8924,Marietta (Madison),1951,City,6298.282349,2016664273
16518,MMNH:Mamm:16518,https://arctos.database.museum/guid/MMNH:Mamm:16518,44.9695,-96.3591,M,Soricidae,Blarina brevicauda,Lac qui parle,1991,11668.52547,668.0400609,81.06289106,4077.60239,6694.247311,1315.084915,0.126865501,1.138057381,5.805613143,174.5363963,0.091000566,1.573787028,5.724127124,459.5201728,79.73859945,1.921809001,0.298382858,1.555619118,12.04,7.39,13.35,135,29,17,8924,Marietta (Madison),1951,City,6298.282349,2016664273
8100,MMNH:Mamm:8100,https://arctos.database.museum/guid/MMNH:Mamm:8100,NA,NA,F,Vespertilionidae,Eptesicus fuscus,Pine,1967,5977.825715,531.7656835,101.1317302,3272.718301,6123.818311,1714.240058,0.40307105,2.327120423,12.48329504,358.9054062,0.173505164,3.013291267,14.2921161,147.6248086,27.3069904,1.447366578,0.578811504,49.4097179,10.26,5.78,9.28,120,43,13,16821,,NA,,NA,3711641896
2699,MMNH:Mamm:2699,https://arctos.database.museum/guid/MMNH:Mamm:2699,46.475,-96.2803,M,Soricidae,Blarina brevicauda,Wilkin,1949,24484.67391,447.6968867,84.06542246,2041.276054,4371.363148,1067.225783,0.097521306,4.831232513,3.877302257,136.7342398,0.124097863,1.933890519,39.30837911,129.4169766,126.1738854,0.847587504,0.564351106,27.95236461,11.86,6.81,12.59,120,25,15,10567,Rothsay,419,City,1.549249527,1947313196
14535,MMNH:Mamm:14535,https://arctos.database.museum/guid/MMNH:Mamm:14535,45.3305,-96.3625,F,Soricidae,Blarina brevicauda,Big stone,1982,3842.583853,934.4660941,36.12495999,6546.645152,10387.42935,1261.46525,0.080572827,0.454615797,10.45638222,146.4112508,0.148136023,23.49209518,13.2998486,127.1251207,6.137496225,2.727582311,1.310891247,2.321568568,11.95,6.67,12.56,120,24,16,7716,Ortonville,2548,City,7038.201047,1368994098
16694,MMNH:Mamm:16694,https://arctos.database.museum/guid/MMNH:Mamm:16694,NA,NA,F,Vespertilionidae,Eptesicus fuscus,Pine,1986,2443.834731,386.8164353,108.1831473,1996.680167,3242.633922,1301.848382,0.910301673,1.029971581,24.42222034,189.1305938,0.131641891,3.260003692,12.98241627,119.1673127,9.393475565,1.592551793,0.56549084,11.59940562,10.57,5.82,9.26,116,40,12,NA,,NA,,NA,3711641896
17927,MMNH:Mamm:17927,https://arctos.database.museum/guid/MMNH:Mamm:17927,45.5819,-95.5363,M,Soricidae,Blarina brevicauda,Pope,1998,2950.773365,674.794207,42.2078331,5447.000777,6263.196819,1090.922567,0.107717061,0.527293748,14.10577122,210.1340877,0.237278194,5.687152641,9.272599831,118.157495,203.3632552,2.082069974,0.284280924,3.919401881,11.63,7.07,13.32,130,26,15,NA,Starbuck,NA,City,3641.950573,1857325333
17925,MMNH:Mamm:17925,https://arctos.database.museum/guid/MMNH:Mamm:17925,47.5969,-95.9769,F,Soricidae,Blarina brevicauda,Polk,1998,4421.656218,781.9789006,30.21782849,8350.41364,9056.118036,1016.253353,0.026053293,0.312197665,12.39598046,144.1147144,0.126395612,12.98879578,11.55438194,109.3336796,2.681671198,1.493604819,0.301337613,1.522643385,12.38,7.18,13.03,127,24,15,NA,Winger,NA,City,6812.243408,5177876132
8598,MMNH:Mamm:8598,https://arctos.database.museum/guid/MMNH:Mamm:8598,48.0895,-97.0361,F,Soricidae,Blarina brevicauda,Polk,1967,21068.24982,703.7107824,139.0193405,2931.952431,4531.228487,1634.712345,0.414565225,1.415244203,12.90783017,266.8285861,0.156786109,0.97936909,5.672182863,90.53013822,16.91625974,1.155311187,0.30788911,7.192403411,11.32,6.68,12.15,119,25,16,34435,Alvarado,302,City,11839.86825,5177876132
14410,MMNH:Mamm:14410,https://arctos.database.museum/guid/MMNH:Mamm:14410,47.7274,-96.8185,M,Soricidae,Blarina brevicauda,Polk,1979,3222.546781,648.4321804,40.77244356,5770.194191,7436.705555,1308.965419,0.085968531,0.500088047,19.39004473,214.8795985,0.172946894,2.164064937,16.83903385,117.2684054,6.391968299,2.73617902,0.481006093,5.005127109,11.52,6.79,12.59,115,26,17,34844,Township of Roome,215,Township,5744.645284,5177876132
3236,MMNH:Mamm:3236,https://arctos.database.museum/guid/MMNH:Mamm:3236,47.49267,-96.28,F,Muridae,Peromyscus leucopus,Polk,1946,4788.282558,1022.290568,223.8301943,7069.528497,9361.737573,16747.60255,<LOD,2.045702628,9.660930681,466.5241556,0.241320896,2.786258418,184.4362683,247.9889955,13272.34512,1.547946373,1.396765771,35.54316906,15.58,7.96,11.43,172,76,21,35900,Fertile,890,City,4831.467239,5177876132
161,MMNH:Mamm:161,https://arctos.database.museum/guid/MMNH:Mamm:161,45.3039,-93.5669,M,Muridae,Peromyscus leucopus,Sherburne,1916,NA,NA,NA,NA,NA,NA,,NA,NA,NA,NA,NA,NA,NA,NA,NA,NA,NA,13.25,8.04,11.51,156,69,20,8136,Elk River,859,City,3.322195793,1166570842
18318,MMNH:Mamm:18318,https://arctos.database.museum/guid/MMNH:Mamm:18318,47.1708,-94.9092,F,Soricidae,Blarina brevicauda,Hubbard,1999,2811.826232,883.081061,148.698457,6181.277826,9516.322529,1305.563608,0.168834499,1.353556385,10.69328886,207.8418835,0.137971422,4.768690746,9.30340442,866.4874093,6.075221179,1.192048295,0.281524995,9.024158595,11.28,6.64,12.21,104,19,14,NA,Lake George,NA,Populated Pl,7093.624376,2588109757
3293,MMNH:Mamm:3293,https://arctos.database.museum/guid/MMNH:Mamm:3293,44.2778,-96.3334,F,Soricidae,Blarina brevicauda,Lincoln,1952,38580.61144,650.561293,32.43740294,4353.357853,5612.00191,663.5172622,0.145421743,0.351798429,5.203155007,156.175363,0.156077306,1.024236069,10.15197668,70.11233596,26.25014916,1.397841837,0.178203683,15.77761144,11.28,6.76,13.03,118,25,16,10150,Lake Benton,863,City,4129.047681,1421651945
3294,MMNH:Mamm:3294,https://arctos.database.museum/guid/MMNH:Mamm:3294,44.2924,-96.2916,M,Soricidae,Blarina brevicauda,Lincoln,1952,24623.30328,503.1975995,72.93309861,2791.632811,6178.431594,1110.639581,0.344888489,1.537801432,9.482561853,295.847913,0.173009923,1.772537206,22.50492355,88.67179494,95.55203085,1.090194983,0.480470215,21.71348384,13.08,6.77,13.49,131,31,12,10150,Lake Benton,863,City,3495.76944,1421651945
8922,MMNH:Mamm:8922,https://arctos.database.museum/guid/MMNH:Mamm:8922,43.6263,-95.3597,M,Soricidae,Blarina brevicauda,Jackson,1968,26538.14827,719.8251718,70.24699846,4307.99789,6904.022527,773.6884305,0.207721982,0.701864563,8.067183804,409.031198,0.174949267,1.262423214,12.82225538,1833.023955,9.512113896,1.437394365,6.572648661,14.86369887,12.48,6.85,13.72,135,33,17,14352,Brewster,563,City,11888.68291,1862636444
1183,MMNH:Mamm:1183,https://arctos.database.museum/guid/MMNH:Mamm:1183,45.315,-95.5997,,Soricidae,Blarina brevicauda,Swift,1936,2366.547268,625.9660806,29.04309715,3021.347406,4052.249563,1126.928497,0.129620074,2.79700086,6.586886449,237.0941343,0.111061363,3.991508997,17.71056156,138.8095353,1512.315522,2.101674812,0.781979474,18.0313171,12.52,6.93,13.52,134.6,30.5,17.8,15469,Benson,2729,City,1.587751343,1948379798
7624,MMNH:Mamm:7624,https://arctos.database.museum/guid/MMNH:Mamm:7624,46.6339,-95.9665,F,Sciuridae,Sciurus carolinensis,Ottertail,1966,33978.36658,126.4093978,10.70083181,1657.054588,3294.144088,194.9309958,<LOD,0.199953477,0.764163643,30.44367279,0.025876649,1.345147665,5.058419021,36.46157484,32.38634926,0.327936121,0.216993251,4.195609488,34.57,18.64,27.35,470,187,65,46097,Pelican Rapids,1835,City,11339.88628,5762613948
7626,MMNH:Mamm:7626,https://arctos.database.museum/guid/MMNH:Mamm:7626,46.663,-95.9252,M,Sciuridae,Sciurus carolinensis,Ottertail,1966,19665.6255,198.4229335,10.52113447,1894.891732,2072.093744,358.729321,<LOD,0.356386679,2.971253828,26.21162382,0.020304224,0.463546034,6.725302649,41.0104516,69.3723865,0.74976309,0.214386771,1.844012064,35.52,18.81,27.57,468,204,60,46097,Vergas,281,City,9228.443719,5762613948
12322,MMNH:Mamm:12322,https://arctos.database.museum/guid/MMNH:Mamm:12322,44.5892,-94.96,M,Soricidae,Blarina brevicauda,Renville,1973,3471.463981,627.9128745,82.22623337,4144.269319,6682.509411,1168.71515,0.163747103,1.244332752,13.29050991,178.9756418,0.315002792,89.78323679,53.66858593,139.3494913,86.88431968,1.306988285,0.486653767,11.5360931,11.99,6.44,14.06,121,27,17,21139,Morton,591,City,4618.804175,2556556345
13144,MMNH:Mamm:13144,https://arctos.database.museum/guid/MMNH:Mamm:13144,44.59485,-94.97407,F,Soricidae,Blarina brevicauda,Renville,1974,2376.934341,605.571942,64.50288208,1962.86557,4321.35502,1681.3445,0.146448017,9.862515417,16.77539317,184.1865553,0.256984681,29.51645885,13.37858278,135.7464358,9.62504197,2.101539709,1.480615235,11.74524568,11.22,6.67,12.6,112,20,13,21139,Morton,NA,City,4894.924989,2556556345
13212,MMNH:Mamm:13212,https://arctos.database.museum/guid/MMNH:Mamm:13212,44.58037,-95.05509,M,Muridae,Peromyscus leucopus,Renville,1974,2538.692101,798.8212456,34.31297117,4559.536957,6789.672906,779.1207192,0.045968661,1.134970679,12.75921131,127.0449736,0.098354961,2.998032952,12.25119666,94.3657565,11.88777356,1.178628032,0.221766005,23.75000419,15.12,7.81,11.79,158,72,20,21139,Morton,NA,City,6488.674093,2556556345
536,MMNH:Mamm:536,https://arctos.database.museum/guid/MMNH:Mamm:536,45.3039,-93.5669,M,Muridae,Peromyscus leucopus,Sherburne,1920,NA,NA,NA,NA,NA,NA,,NA,NA,NA,NA,NA,NA,NA,NA,NA,NA,NA,15.2,7.77,11.6,140,58,19.5,9651,Elk River,983,City,3.322195793,1166570842
544,MMNH:Mamm:544,https://arctos.database.museum/guid/MMNH:Mamm:544,45.3039,-93.5669,F,Muridae,Peromyscus leucopus,Sherburne,1920,2154.448245,607.4832483,105.003653,2954.1641,4000.53591,804.9082975,1.308330614,1.754807428,14.10124749,191.8238019,0.110534001,1.687725703,18.60074701,108.3115333,44074.20172,0.489582799,0.249545352,37.50379373,14.48,8.27,11.39,165,76,19,9651,Elk River,983,City,3.322195793,1166570842
8921,MMNH:Mamm:8921,https://arctos.database.museum/guid/MMNH:Mamm:8921,43.6262,-95.3698,F,Soricidae,Blarina brevicauda,Jackson,1964,40563.18386,395.86534,81.08910587,3197.389238,5273.689108,789.3538597,0.271177776,0.769757566,4.089315861,152.5373079,0.087274456,0.782082013,7.584398531,540.6932965,22.10671024,0.937094776,4.582581153,8.127051576,11.78,6.98,13.35,132,29,16.5,15501,Brewster,500,City,11309.54242,1862636444
539,MMNH:Mamm:539,https://arctos.database.museum/guid/MMNH:Mamm:539,45.3039,-93.5669,M,Muridae,Peromyscus leucopus,Sherburne,1928,1310.407035,443.0030719,263.683414,1874.730624,2993.350511,1627.926925,0.981637672,3.705193065,26.43767862,566.6338627,0.24086406,1.179539682,25.6213519,262.9569278,26337.19519,0.731097991,0.686102708,62.81445267,13.4,7.76,12.23,149,61,20,9709,Elk River,1026,City,3.322195793,1166570842
3207,MMNH:Mamm:3207,https://arctos.database.museum/guid/MMNH:Mamm:3207,46.0556,-94.3535,M,Muridae,Peromyscus leucopus,Morrison,1951,NA,NA,NA,NA,NA,NA,,NA,NA,NA,NA,NA,NA,NA,NA,NA,NA,NA,16.09,8.32,12.01,166,75,21,25832,Little Falls,6717,City,8827.700178,2985702605
11954,MMNH:Mamm:11954,https://arctos.database.museum/guid/MMNH:Mamm:11954,45.98373,-93.6675,F,Sciuridae,Sciurus carolinensis,Mille lacs,1972,977.5878304,264.2490516,5.536933504,1663.72635,1855.623983,377.1122291,0.020989951,0.214893786,4.371079978,53.81258233,0.064799588,2.091939408,4.91976432,26.32436516,6.09765643,0.303474125,0.057722578,1.809845302,34.36,19.18,27.25,494,216,67,15703,Onamia,670,City,9647.9705,1763343637
2662,MMNH:Mamm:2662,https://arctos.database.museum/guid/MMNH:Mamm:2662,43.7183,-96.2326,M,Soricidae,Blarina brevicauda,Rock,1949,23493.48675,479.2674763,73.53584921,3098.49146,4373.36615,1064.491114,0.245025546,1.187646606,11.24564849,240.3021897,0.170807391,1.094955243,28.78460154,87.32907703,50.71518061,1.299920229,1.153490716,9.142165341,12.46,7.24,13.36,127,30,18,11278,Hardwick,297,City,6854.011852,1251104326
4718,MMNH:Mamm:4718,https://arctos.database.museum/guid/MMNH:Mamm:4718,45.9747,-94.76147,F,Muridae,Peromyscus leucopus,Todd,1958,2851.230942,615.8491382,65.53823255,3076.39073,5757.70752,1049.42522,0.224839173,1.542042808,21.1721013,248.8487397,0.157944831,1.667446433,18.03791097,96.44231174,144.6153097,0.596726876,0.450132449,12.21243691,13.57,8.03,12.13,186,85,21,23119,Long Prairie,2414,City,8043.854744,2536466004
4763,MMNH:Mamm:4763,https://arctos.database.museum/guid/MMNH:Mamm:4763,45.9747,-94.71994,M,Sciuridae,Sciurus carolinensis,Todd,1959,1465.038584,223.6350616,38.94745269,1387.709361,1953.616086,442.022205,0.085753439,1.174759802,2.670817716,131.9185216,0.430982165,18.19312974,10.95384233,41.65526288,183.8574819,0.269510896,0.600205112,18.62535194,34.98,19.26,28.58,523,237,74,23119,Swanville,342,City,9302.050115,2536466004
14602,MMNH:Mamm:14602,https://arctos.database.museum/guid/MMNH:Mamm:14602,43.896,-96.3621,F,Muridae,Peromyscus leucopus,Pipestone,1982,5402.341913,734.6212227,169.3964756,5204.620946,6782.953116,1622.29458,0.236588522,2.447692789,38.45116419,243.1955327,0.161562254,4.343844046,13.37029758,105.050867,55.85508337,1.217919956,0.494876006,11.18116157,15.22,7.69,11.36,155,63,21,11690,Ihlen,129,City,1306.643652,1208091510
715,MMNH:Mamm:715,https://arctos.database.museum/guid/MMNH:Mamm:715,NA,NA,F,Soricidae,Blarina brevicauda,Watonwan,1912,1859.707944,412.7948228,59.15993206,2468.972367,4943.733595,892.2719785,0.421158379,1.232850613,12.14624494,212.9304842,0.221124644,1.123998461,18.26255914,129.5401286,94233.52294,1.708357547,0.24247656,73.73084012,12.04,6.24,12.36,130,28,16,11382,,NA,,NA,1138197262
3403,MMNH:Mamm:3403,https://arctos.database.museum/guid/MMNH:Mamm:3403,45.44686,-93.2475,F,Muridae,Peromyscus leucopus,Isanti,1953,39136.4694,417.3849624,57.69474907,4388.641179,6032.635906,434.2550701,0.604432494,0.75920257,4.619030791,136.3272204,0.115910323,1.491513512,25.21829798,74.30293797,516.0770047,0.46319017,0.498479059,12.92355544,14.98,7.9,11.54,140,70,16,12123,Isanti,422,City,4823.901611,1168461203
5921,MMNH:Mamm:5921,https://arctos.database.museum/guid/MMNH:Mamm:5921,44.53134,-94.52252,F,Soricidae,Blarina brevicauda,Sibley,1958,1956.381547,460.275824,145.5347876,3059.873442,5767.867485,1769.490092,0.236493087,1.51287787,6.735450242,178.7826342,0.330466313,5.681674919,59.28297155,105.222234,348.3891628,1.411849059,0.417038295,16.08249218,12.19,7.03,13.99,140,31,17,16228,Gibbon,896,City,402.2335837,1554555076
14538,MMNH:Mamm:14538,https://arctos.database.museum/guid/MMNH:Mamm:14538,43.663,-93.7738,F,Soricidae,Blarina brevicauda,Faribault,1982,2469.427221,678.9153546,130.1594542,4330.777861,7236.219889,1352.153058,0.236077929,0.71992495,24.21199058,167.9751622,0.193487311,46.21663843,25.97957326,121.4943938,13.53296953,2.113941312,0.444964695,2.481701188,11.97,6.51,12.69,126,23,16,19714,Wells,2777,City,9923.072674,1868154590
2284,MMNH:Mamm:2284,https://arctos.database.museum/guid/MMNH:Mamm:2284,NA,NA,M,Vespertilionidae,Eptesicus fuscus,Fillmore,1947,28531.58925,315.9558273,28.50236137,3189.839592,3968.95715,544.7987597,0.200676671,0.789777245,2.417451646,120.3562702,0.084460223,1.548147909,13.9194232,65.53575358,285.3133465,1.633941169,4.53879136,12.83445117,9.34,5.32,8.91,108,38,12,24465,,NA,,NA,2231678596
2285,MMNH:Mamm:2285,https://arctos.database.museum/guid/MMNH:Mamm:2285,NA,NA,F,Vespertilionidae,Eptesicus fuscus,Fillmore,1947,41044.91182,250.4917816,83.07945587,2082.859689,2865.524644,493.1982095,0.332119104,1.729610386,4.996860319,357.2600473,0.187579287,1.993593932,12.44384564,58.54415178,528.7953171,0.584984858,1.738682934,22.29017008,10.03,5.18,8.7,114,42,12,24465,,NA,,NA,2231678596
2286,MMNH:Mamm:2286,https://arctos.database.museum/guid/MMNH:Mamm:2286,NA,NA,F,Vespertilionidae,Eptesicus fuscus,Fillmore,1947,47737.91826,434.3823296,42.37422791,3293.71976,4836.410603,1016.011485,0.378474331,0.579356506,4.742280293,248.6027826,0.076333965,1.1931878,10.98577897,68.7734422,142.9589527,1.66258565,6.668529751,15.22689115,9.61,5.51,8.73,116,43,13,24465,,NA,,NA,2231678596
2507,MMNH:Mamm:2507,https://arctos.database.museum/guid/MMNH:Mamm:2507,43.6428,-92.2147,M,Soricidae,Blarina brevicauda,Fillmore,1948,26457.31453,365.2453269,35.61701208,2662.547793,3382.840639,697.6446382,0.132351113,1.169804784,7.045317092,118.6518095,0.106814869,0.625975133,3603.236692,77.96888747,161.9646916,0.974122806,0.109486001,2.92838666,11.73,6.66,12.65,117,20,15,24465,Wykoff,509,City,8348.414697,2231678596
5589,MMNH:Mamm:5589,https://arctos.database.museum/guid/MMNH:Mamm:5589,43.7594,-91.3464,M,Soricidae,Blarina brevicauda,Houston,1961,2564.331092,704.7749293,61.10482378,4471.460168,5426.26038,818.4694427,0.190047764,0.661638266,17.89482789,247.4014806,0.334048454,3.5127851,11.34412519,95.20653812,12.07832329,0.951585451,0.402999495,7.296138782,11.59,7.23,13.28,131,30,16,16588,Hokah,685,City,4.352762811,1472819841
1166,MMNH:Mamm:1166,https://arctos.database.museum/guid/MMNH:Mamm:1166,43.5553,-92.01,,Sciuridae,Sciurus carolinensis,Fillmore,1935,5458.411907,313.0240148,20.39287389,2026.08443,2639.425423,432.299097,0.540846825,0.518055771,6.496133386,56.32854874,0.174269549,26.72871379,24.51589663,85.95549546,22187.45528,0.396515592,0.925256869,14.78978105,33.58,19.94,27.1,495.3009906,222.2504445,68.58013716,25830,Harmony,890,City,2.465595173,2231678596
2356,MMNH:Mamm:2356,https://arctos.database.museum/guid/MMNH:Mamm:2356,43.8981,-96.3639,F,Soricidae,Blarina brevicauda,Pipestone,1947,22126.92359,497.4492958,4933.92766,3541.729514,10309.69796,957.9204347,0.221987592,4.841332354,8.575206326,586.10582,0.171106536,1.660887959,118.3554776,103.3008718,444.5139693,1.306606768,0.202781848,16.06070611,12.34,7.08,13.48,131,26,15,14003,Ihlen,135,City,1042.964864,1208091510
2357,MMNH:Mamm:2357,https://arctos.database.museum/guid/MMNH:Mamm:2357,43.8981,-96.3639,F,Soricidae,Blarina brevicauda,Pipestone,1947,34578.14909,403.0342043,26.66546554,2708.802126,6300.323224,965.4219506,<LOD,0.491422332,4.402618446,179.5418902,0.090948744,0.734897279,81.81457597,99.5573239,277.0795553,1.440092372,0.157585245,7.713830115,12.19,6.78,12.21,119,33,16,14003,Ihlen,135,City,1042.964864,1208091510
7943,MMNH:Mamm:7943,https://arctos.database.museum/guid/MMNH:Mamm:7943,46.5006,-93.8592,M,Soricidae,Blarina brevicauda,Crow wing,1966,42681.3846,438.9125428,24.10371649,2740.262105,4409.713581,857.2148796,0.152609457,0.455513979,15.70230573,159.9786602,0.408337555,0.763178828,8.850603719,84.86718787,80.29999568,1.271248872,0.588031534,2.648569599,12.09,6.89,13.02,127,23,16,34826,Deerwood,448,City,4259.535896,2993867574
7948,MMNH:Mamm:7948,https://arctos.database.museum/guid/MMNH:Mamm:7948,46.3192,-94.088,F,Soricidae,Blarina brevicauda,Crow wing,1966,55589.7456,2235.147591,15.48394005,5343.302569,6249.062738,1768.43033,0.051285261,0.353771835,57.73369716,109.3107326,0.207517174,0.595088453,7.807150939,115.0714736,263.8532847,1.52555542,0.767392025,2.090468399,11.48,6.81,12.58,122,24,15,34826,Brainerd,11667,City,9679.904118,2993867574
11928,MMNH:Mamm:11928,https://arctos.database.museum/guid/MMNH:Mamm:11928,46.56634,-94.1725,F,Soricidae,Blarina brevicauda,Crow wing,1972,2170.195947,657.7266606,31.72351565,3115.128362,4229.907168,950.6170871,0.041545968,0.881213313,6.654393051,155.8912336,0.095605027,4.350648246,8.92673594,128.1330453,43.74273652,1.529716368,0.328042269,7.280397021,11.91,6.74,13.3,110,20,15,34826,Breezy Point,233,City,6537.264423,2993867574
11953,MMNH:Mamm:11953,https://arctos.database.museum/guid/MMNH:Mamm:11953,46.56634,-94.1725,M,Sciuridae,Sciurus carolinensis,Crow wing,1972,3027.135533,408.5699581,14.38052901,3171.438547,6015.547806,330.6769621,0.038851952,0.828928266,2.812383474,76.58608338,0.04282064,3.307518889,7.566343213,37.70076056,10.59893596,0.254968957,0.506695201,5.52299316,34.39,18.71,26.21,482,210,66,34826,Breezy Point,233,City,6537.264423,2993867574
14704,MMNH:Mamm:14704,https://arctos.database.museum/guid/MMNH:Mamm:14704,43.5766,-95.7488,M,Soricidae,Blarina brevicauda,Nobles,1983,NA,NA,NA,NA,NA,NA,,NA,NA,NA,NA,NA,NA,NA,NA,NA,NA,NA,11.75,6.84,13.01,128,25,18,21840,Rushmore,387,City,6320.775459,1872267194
14714,MMNH:Mamm:14714,https://arctos.database.museum/guid/MMNH:Mamm:14714,43.5766,-95.7488,M,Muridae,Peromyscus leucopus,Nobles,1983,2247.605193,697.1979184,220.2124808,4659.768647,6153.240791,1222.265057,0.402778703,0.778575842,28.21581681,400.6178981,0.234797193,5.86142016,12.70318494,106.8594926,37.18314872,1.582989485,0.142690869,9.716034972,15.66,7.96,11.89,178,77,22,21840,Rushmore,387,City,6320.775459,1872267194
2963,MMNH:Mamm:2963,https://arctos.database.museum/guid/MMNH:Mamm:2963,48.2897,-92.4742,F,Soricidae,Blarina brevicauda,St. Louis,1950,23286.26195,501.581703,18.30311506,2172.488504,4323.634136,1281.29122,<LOD,1.914964593,4.201616426,126.45065,0.178565768,4.603232772,20.17573034,120.4268319,1321.472803,1.678977955,1.410398799,6.771364979,11.62,6.46,12.1,111,25,16,206062,Township of Crane Lake (Orr Village),309,Township,2766.402963,17451037320
2969,MMNH:Mamm:2969,https://arctos.database.museum/guid/MMNH:Mamm:2969,48.2897,-92.4742,F,Soricidae,Blarina brevicauda,St. Louis,1950,27840.95639,527.5513563,31.11158153,2081.952123,3838.967207,1229.782495,0.123661989,0.45976978,3.78145576,140.2104124,0.103587115,1.441123014,16.90592325,131.026195,70.70187224,1.275855916,0.521123642,6.594082816,11.74,6.5,12.39,119,25,16,206062,Township of Crane Lake,309,Township,2766.402963,17451037320
3689,MMNH:Mamm:3689,https://arctos.database.museum/guid/MMNH:Mamm:3689,48.0623,-92.1784,F,Soricidae,Blarina brevicauda,St. Louis,1954,51615.60531,975.7794388,26.29298708,4989.884001,5947.529045,270.7868075,0.131135641,0.50960983,4.929609867,199.4031082,0.121494143,1.022203,40.42339675,60.70627649,71.0848233,1.045013045,0.813849391,7.292035716,11.77,6.54,12.5,117,20,15,206062,Soudan (Tower),773,Populated Pl,27692.97265,17451037320
11671,MMNH:Mamm:11671,https://arctos.database.museum/guid/MMNH:Mamm:11671,43.70536,-91.55831,F,Muridae,Peromyscus leucopus,Houston,1972,3277.281054,528.9690456,91.38811655,3323.624928,6164.691108,849.412573,0.423124383,1.518967035,8.799110659,184.6852786,0.229329897,27.90580367,22.69013249,105.8414824,75.63070065,0.614041231,0.866356957,13.56445161,16.24,8.11,11.65,171,74,21,17556,Township of Sheldon,361,Township,4105.97203,1472819841
7955,MMNH:Mamm:7955,https://arctos.database.museum/guid/MMNH:Mamm:7955,43.8017,-95.608,M,Soricidae,Blarina brevicauda,Nobles,1966,29408.11658,384.2138154,59.64106839,2541.774151,5402.07578,954.4995114,0.180222835,6.451525639,4.309822017,136.4463307,0.093029687,0.537808055,6.140580379,105.0080964,48.09704673,0.900292435,0.206719344,8.66078651,12.53,7.02,12.88,113,23,17,23208,Fulda,NA,City,7679.042314,1872267194
7953,MMNH:Mamm:7953,https://arctos.database.museum/guid/MMNH:Mamm:7953,46.8404,-92.2741,M,Soricidae,Blarina brevicauda,St. Louis,1966,12145.7398,1013.237335,581.5824226,2272.594133,3241.558689,1202.191966,1.627623113,2.102729699,31.3952055,1041.657154,0.670105255,1.63922105,6.696362997,274.6818512,15.01721738,1.03334409,0.470222381,21.77485708,12.11,6.58,12.66,120,27,15,220693,Township of Canosia,NA,Township,1505.61173,17451037320
2847,MMNH:Mamm:2847,https://arctos.database.museum/guid/MMNH:Mamm:2847,43.70341,-94.53133,M,Soricidae,Blarina brevicauda,Martin,1940,2048.524045,695.2758578,64.03478189,2166.444671,4153.006514,14444.03793,0.318579365,1.200507569,6.519361544,166.3173796,0.145933811,2.163666434,12.85324621,135.2979692,11143.43091,2.04326636,0.597741544,30.39159967,11.59,7.05,10.31,125,25,16,24656,Fairmont,6988,City,8039.933053,1888317691
3779,MMNH:Mamm:3779,https://arctos.database.museum/guid/MMNH:Mamm:3779,45.3197,-94.98175,M,Soricidae,Blarina brevicauda,Kandiyohi,1955,15515.00732,423.388204,87.74372423,3848.370758,5070.121313,406.4743159,0.289854387,1.46670939,12.06429045,244.4589894,0.140016477,0.363812334,680.6320733,43.7881189,34.52279349,1.876049304,0.086573462,8.289073797,11.83,6.74,12.92,128,22,15,29987,New London,1831,City,3616.606625,2233379333
19012,MMNH:Mamm:19012,https://arctos.database.museum/guid/MMNH:Mamm:19012,NA,NA,,Soricidae,Blarina brevicauda,Carlton,2004,5716.868675,1075.055003,68.25773674,5390.934121,9621.305759,2031.537843,0.060813301,0.520825423,17.56003827,134.9849348,0.081099856,0.931192962,6.995833724,187.8777915,14.37633303,2.616619609,0.369978403,2.306055732,11.88,6.64,12.85,110,26,21,NA,,NA,,NA,2265127052
4941,MMNH:Mamm:4941,https://arctos.database.museum/guid/MMNH:Mamm:4941,NA,NA,M,Vespertilionidae,Eptesicus fuscus,Martin,1959,842.3852336,438.2919101,439.1138224,2134.767017,3233.425109,1371.342878,0.662895198,1.318137962,15.28915856,297.9696384,0.144400057,1.40719019,14.07206423,93.09480461,106.548423,3.313957198,0.87520917,47.12784251,10.25,5.37,8.61,123,53,11,26986,,NA,,NA,1888317691
1970,MMNH:Mamm:1970,https://arctos.database.museum/guid/MMNH:Mamm:1970,NA,NA,M,Sciuridae,Sciurus carolinensis,Lesueur,1946,12022.89749,316.9794429,21.3541183,2419.341454,4411.588013,449.3711687,0.135023039,0.400027796,5.183064795,70.04111922,0.051904879,0.434961377,5.140759645,38.46000245,492.2069612,0.75971471,0.094911067,11.28705984,33.9,19,26.22,495.3009906,215.9004318,69.8501397,19088,,NA,,NA,1226286586
19013,MMNH:Mamm:19013,https://arctos.database.museum/guid/MMNH:Mamm:19013,NA,NA,,Soricidae,Blarina brevicauda,Carlton,2005,5061.680904,966.9418497,51.21046763,5869.555775,8904.15802,1494.755278,0.016028782,0.358463261,6.735104044,67.4556692,0.035603827,2.978959777,5.690870006,279.249262,6.13492903,1.792860201,0.159400024,124.9598944,12.11,7.11,13.44,116,26,16,NA,,NA,,NA,2265127052
19088,MMNH:Mamm:19088,https://arctos.database.museum/guid/MMNH:Mamm:19088,NA,NA,,Soricidae,Blarina brevicauda,Carlton,2005,3771.285819,888.4559621,33.11590292,5821.253572,7837.015591,1404.535957,0.031396743,1.458483416,9.23276372,69.23367073,0.05529276,0.842361265,5.4648271,151.178093,1.164554545,2.225574617,0.064437863,7.606605959,12.36,7.11,12.89,118,25,17,NA,,NA,,NA,2265127052
19089,MMNH:Mamm:19089,https://arctos.database.museum/guid/MMNH:Mamm:19089,NA,NA,,Soricidae,Blarina brevicauda,Carlton,2005,3928.492282,813.7652081,61.32751615,5715.854711,8552.185702,1207.904755,0.068112165,0.386812683,19.33656704,164.8285512,0.079568534,2.930176186,8.375370161,150.0693366,4.283899487,1.895185388,0.065217322,1.3809022,12.06,7.3,12.49,109,18,15,NA,,NA,,NA,2265127052
1301,MMNH:Mamm:1301,https://arctos.database.museum/guid/MMNH:Mamm:1301,44.5111,-92.3564,M,Muridae,Peromyscus leucopus,Goodhue,1938,10787.31917,542.8865746,325.8422455,2518.563626,4578.961064,1494.473433,3.572167775,5.695115237,19.25426863,573.8812983,0.535839198,27.03339521,82.54377603,206.1778947,17024.75521,1.006512367,3.069982813,180.0475875,15.63,8.66,11.68,178.51,74.66,18.6,31564,Frontenac (Florence township),736,Populated Pl,129.8731287,2019757823
1314,MMNH:Mamm:1314,https://arctos.database.museum/guid/MMNH:Mamm:1314,44.5111,-92.3564,,Muridae,Peromyscus leucopus,Goodhue,1938,NA,NA,NA,NA,NA,NA,,NA,NA,NA,NA,NA,NA,NA,NA,NA,NA,NA,15.05,7.71,11.89,170,80,20,31564,Frontenac (Florence township),736,Populated Pl,129.8731287,2019757823
4434,MMNH:Mamm:4434,https://arctos.database.museum/guid/MMNH:Mamm:4434,45.1608,-93.2347,F,Muridae,Peromyscus leucopus,Anoka,1932,20724.78371,612.4906145,43.39116927,3751.552197,5319.011564,514.724637,1.099601017,1.435455185,13.96238144,160.1597414,0.106955633,2.589046498,15.58032881,115.4049763,36944.09652,0.983240549,1.265524136,32.13862651,15.96,8.04,11.88,164,66,19,18415,Blaine,506,City,3.570278056,1153667757
1213,MMNH:Mamm:1213,https://arctos.database.museum/guid/MMNH:Mamm:1213,44.7133,-93.4225,M,Sciuridae,Sciurus carolinensis,Scott,1937,6610.878826,404.6041724,89.78349067,1692.263267,2698.141293,890.2712864,0.449017684,1.205959068,10.19062879,222.6447356,0.313862534,31.61897725,52.25216325,75.33857641,10938.27524,0.357858379,0.787910258,74.79775572,33.69,18.95,24.15,439.4208788,196.8503937,60.96012192,15585,Prior Lake,549,City,3.222827549,953065244.3
4161,MMNH:Mamm:4161,https://arctos.database.museum/guid/MMNH:Mamm:4161,44.2315,-92.6415,F,Soricidae,Blarina brevicauda,Goodhue,1957,2182.745001,482.4278272,81.9782625,1962.546424,4587.062312,1135.022423,0.253988806,1.220014378,6.583448768,244.349516,0.131863997,2.962335319,17.12558861,114.184065,197.8042388,0.943284741,0.610664813,9.458255781,12.54,7.05,13.05,126,30,17,33035,Pine Island,1308,City,3364.686669,2019757823
4938,MMNH:Mamm:4938,https://arctos.database.museum/guid/MMNH:Mamm:4938,NA,NA,M,Vespertilionidae,Eptesicus fuscus,Goodhue,1958,1801.103969,399.1565099,64.52175871,1957.373395,3244.025019,970.2997017,0.641629102,1.641136055,71.0886209,373.4056186,0.204229621,2.213059964,15.84456865,84.19162322,376.8912122,2.641287823,1.280370655,22.88534637,9.76,5.47,9.16,103,41,12,33035,,NA,,NA,2019757823
5908,MMNH:Mamm:5908,https://arctos.database.museum/guid/MMNH:Mamm:5908,NA,NA,F,Vespertilionidae,Eptesicus fuscus,Goodhue,1958,1939.824134,1424.216349,221.6710779,1923.66963,3475.71388,2095.776846,0.877110699,2.293175187,44.67383763,893.0149197,0.348499295,2.133359702,16.59281022,81.95616074,797.4768408,1.401617311,1.294107839,31.95356933,9.83,5.44,8.78,110,45,14,33035,,NA,,NA,2019757823
7628,MMNH:Mamm:7628,https://arctos.database.museum/guid/MMNH:Mamm:7628,NA,NA,F,Vespertilionidae,Eptesicus fuscus,Brown,1966,56836.61195,294.6718289,36.53477379,2149.736443,3276.544639,604.9376103,0.181719748,0.655520493,6.563543033,152.2372716,0.11384435,2.340445091,9.366642256,79.77530583,28.75822935,1.375210332,0.174460492,5.356348182,9.73,5.69,9.03,122,41,11,28887,,NA,,NA,1600966056
15056,MMNH:Mamm:15056,https://arctos.database.museum/guid/MMNH:Mamm:15056,47.0823,-96.3163,M,Soricidae,Blarina brevicauda,Clay,1988,3122.221377,705.3132953,140.0670968,3945.805898,6401.023299,1470.867853,0.160811639,0.842799828,24.03190062,143.7518163,0.202011162,4.744133237,8.364183978,98.73425214,15.72126457,1.780570948,0.571079839,3.684184036,11.95,6.74,12.65,128,25,16,50422,Ulen (Hawley),1655,City,4391.3739,2729111868
716,MMNH:Mamm:716,https://arctos.database.museum/guid/MMNH:Mamm:716,44.0214,-91.5564,M,Soricidae,Blarina brevicauda,Winona,1914,2551.243397,525.7860158,131.1639487,4466.85343,5266.196124,470.2546436,0.315903968,1.07949515,11.73477127,379.9345519,0.294773259,1.006456392,27.21254526,63.37801357,43365.28507,1.272178709,0.169497831,45.92641408,12.38,6.77,12.66,137,30,17,33398,Homer,812,Populated Pl,98.21251523,1660523141
724,MMNH:Mamm:724,https://arctos.database.museum/guid/MMNH:Mamm:724,44.0214,-91.5564,M,Muridae,Peromyscus leucopus,Winona,1914,2086.178692,376.7669825,168.2572679,2577.000308,3942.169535,558.2742179,0.56108417,7.41625297,6.349865718,203.2077118,0.168521445,1.541562265,30.29810419,83.93885341,134382.2312,1.174234276,0.193985462,40.4615602,15.5,7.67,12.16,176,74,22,33398,Homer,812,Populated Pl,98.21251523,1660523141
725,MMNH:Mamm:725,https://arctos.database.museum/guid/MMNH:Mamm:725,44.0214,-91.5564,F,Muridae,Peromyscus leucopus,Winona,1914,1501.406412,353.8686736,179.3008212,2018.801683,5266.913719,828.2535223,1.123005077,2.027661879,8.307945476,308.9682003,0.193612706,1.986210943,25.72555604,102.0253107,127076.9429,0.898521305,0.340588369,95.97272198,15.76,7.73,12.23,155,63,20,33398,Homer,812,Populated Pl,98.21251523,1660523141
4345,MMNH:Mamm:4345,https://arctos.database.museum/guid/MMNH:Mamm:4345,NA,NA,M,Vespertilionidae,Eptesicus fuscus,Blue earth,1958,2626.478291,541.7316263,133.2328823,1160.817354,2006.160878,928.5760497,0.827632433,2.1971482,20.75750007,248.4876884,0.236190851,2.068677921,20.22104081,76.71447299,203.5849478,1.078766012,1.512860946,37.803296,9.43,5.7,8.57,109,46,10,44385,,NA,,NA,1981870614
4346,MMNH:Mamm:4346,https://arctos.database.museum/guid/MMNH:Mamm:4346,NA,NA,F,Vespertilionidae,Eptesicus fuscus,Blue earth,1958,2126.943246,443.5073265,87.43793337,1371.043971,2015.596099,1088.249019,0.52244094,1.520250083,12.06360394,237.5899216,0.156088335,1.440180822,11.01365113,149.9235549,284.962957,1.962981107,0.993474393,86.46995797,9.8,5.65,8.96,114,46,11,44385,,NA,,NA,1981870614
2298,MMNH:Mamm:2298,https://arctos.database.museum/guid/MMNH:Mamm:2298,43.8956,-91.3431,M,Muridae,Peromyscus leucopus,Winona,1947,51004.41758,764.4997659,55.06933533,4247.649333,7339.886881,758.4225076,1.026650515,1.491350576,6.234785709,169.6224179,0.390865335,3.338603426,27.02819554,117.8526211,948.6960154,0.932518348,0.182395182,21.56945013,15.99,7.82,11.28,152,64,21,39841,Dakota (Dresbach),730,City,2405.224137,1660523141
1416,MMNH:Mamm:1416,https://arctos.database.museum/guid/MMNH:Mamm:1416,NA,NA,M,Vespertilionidae,Eptesicus fuscus,Washington,1940,13379.16591,240.3435756,18.91151124,1347.459417,2656.87588,792.0882728,2.144371366,1.604118949,35.41426708,143.7979675,0.174080593,7.818321968,21.16475266,85.10518673,48181.91027,1.292377931,1.728144925,19.02190184,10.58,5.62,8.29,108,43,10,26430,,NA,,NA,1096617092
1417,MMNH:Mamm:1417,https://arctos.database.museum/guid/MMNH:Mamm:1417,NA,NA,F,Vespertilionidae,Eptesicus fuscus,Washington,1940,5544.668812,227.4915289,16.63559378,1242.198311,1786.340434,505.3589819,0.742358552,1.190867172,62.71538248,163.9503683,0.11790749,2.912774935,12.04065289,64.7484632,20034.63561,0.945884499,1.091844744,13.93457167,10.37,5.88,8.44,107.5,39,10.5,26430,,NA,,NA,1096617092
16688,MMNH:Mamm:16688,https://arctos.database.museum/guid/MMNH:Mamm:16688,45.5215,-92.9712,M,Soricidae,Blarina brevicauda,Chisago,1987,3824.493226,730.9420841,40.13859493,5491.20812,6281.223666,1809.317002,0.108945395,0.666302821,25.15664377,220.191564,0.147849434,2.780829945,10.6580476,134.824457,10.54667385,2.308408981,0.568021546,4.924003342,11.77,6.76,12.92,131,26,18,30521,North Branch,1867,City,1316.885804,1145381612
2612,MMNH:Mamm:2612,https://arctos.database.museum/guid/MMNH:Mamm:2612,45.4164,-93.1956,F,Muridae,Peromyscus leucopus,Anoka,1948,41876.60106,263.1095271,55.16893242,2648.056476,5527.491952,379.0257458,0.310223974,2.49446983,5.496756805,137.2649977,0.186818178,11.62767422,14.20675982,64.21809077,132.8174736,0.454876152,0.837242607,6.193923144,15.86,8.22,11.78,179,76,21,35579,Township of Athens (Bethel?),250,Township,1955.903062,1153667757
2652,MMNH:Mamm:2652,https://arctos.database.museum/guid/MMNH:Mamm:2652,45.0611,-92.9758,M,Soricidae,Blarina brevicauda,Washington,1949,23248.54126,401.0982208,25.34730788,2672.917604,5690.958576,812.1604157,<LOD,1.213955429,11.95816522,113.0267004,0.117226991,2.827934417,28.11219307,98.07059003,109.5951012,0.869575894,0.880194147,13.37329415,12.5,7.06,13.54,119,31,16,34544,Birchwood Village,312,City,2.719267845,1096617092
5050,MMNH:Mamm:5050,https://arctos.database.museum/guid/MMNH:Mamm:5050,44.91943,-92.83977,F,Soricidae,Blarina brevicauda,Washington,1950,2339.210758,575.182694,112.787668,3072.440836,5749.794434,1072.860466,0.413604538,2.044307284,16.32345623,258.4268087,0.237231962,2.175098047,63.50735803,102.7329061,512.5448369,0.901152491,0.810499233,23.20636746,11.71,6.57,13.28,113,25,15,34544,Afton,1219,City,4823.845991,1096617092
12605,MMNH:Mamm:12605,https://arctos.database.museum/guid/MMNH:Mamm:12605,44.62263,-93.3267,F,Sciuridae,Sciurus carolinensis,Scott,1972,1578.486973,284.5351314,6.209840401,2083.571266,3659.519478,177.2133721,0.013970635,0.636996409,1.161309905,68.37515809,0.03515673,2.511393731,7.262530902,23.45844946,20.82200136,0.160838768,0.217026963,3.876926373,34.81,19.99,26.98,470,220,72,32423,Elko New Market (Elko +New Market Twnshp in 2006),1556,City,6251.668709,953065244.3
12608,MMNH:Mamm:12608,https://arctos.database.museum/guid/MMNH:Mamm:12608,44.62263,-93.3267,M,Sciuridae,Sciurus carolinensis,Scott,1972,1138.467954,252.681902,15.21540773,1396.874291,2725.868838,264.6562587,0.032929979,0.599987192,1.82536714,62.33553988,0.058211755,3.007469132,8.033951419,37.23045445,14.30476656,0.218028956,0.33426752,5.122572779,35.75,18.46,26.6,430,150,71,32423,Elko New Market,1556,City,6251.668709,953065244.3
4230,MMNH:Mamm:4230,https://arctos.database.museum/guid/MMNH:Mamm:4230,NA,NA,F,Vespertilionidae,Eptesicus fuscus,Washington,1958,NA,NA,NA,NA,NA,NA,,NA,NA,NA,NA,NA,NA,NA,NA,NA,NA,NA,10.11,5.58,8.68,106,40,13,52432,,NA,,NA,1096617092
15410,MMNH:Mamm:15410,https://arctos.database.museum/guid/MMNH:Mamm:15410,45.1852,-92.9527,F,Soricidae,Blarina brevicauda,Washington,1988,3211.320188,750.2080079,24.56356371,5042.673278,6192.917832,1324.341499,0.038384211,0.443712507,32.22873864,195.139894,0.098043764,4.509520468,8.255066712,122.706018,16.67758278,0.931894462,0.21047579,4.419823883,12.62,7.06,13.33,127,25,16,NA,Hugo,4417,City,4230.336652,1096617092
15420,MMNH:Mamm:15420,https://arctos.database.museum/guid/MMNH:Mamm:15420,45.2139,-92.7582,M,Soricidae,Blarina brevicauda,Washington,1988,3586.826154,703.1619421,73.43914006,5844.557892,8500.596509,1146.814346,0.186644891,2.060896495,29.90145177,440.581298,0.229622487,25.36981449,30.2315317,126.9655228,409.0596401,1.802343733,0.519495057,13.12147642,12,6.74,12.09,113,23,16,NA,Marine on Saint Croix,NA,City,1909.471087,1096617092
15533,MMNH:Mamm:15533,https://arctos.database.museum/guid/MMNH:Mamm:15533,45.1714,-92.7597,M,Muridae,Peromyscus leucopus,Washington,1988,2758.060105,734.3567921,27.1264514,5430.909092,6158.77614,985.8119336,<LOD,0.537614448,16.23585107,134.1843268,0.07848036,4.398307042,13.24861133,94.62963195,13.54160288,0.836227811,0.205073099,2.206106203,15.03,8.61,12.29,160,75,22,NA,Marine on Saint Croix,NA,City,3202.087845,1096617092
13013,MMNH:Mamm:13013,https://arctos.database.museum/guid/MMNH:Mamm:13013,45.1608,-93.2347,F,Soricidae,Blarina brevicauda,Anoka,1975,3138.867053,579.2415692,31.5041346,4006.986541,7296.882155,1016.799045,0.065468962,0.662411436,18.24938261,292.5903941,0.152882432,27.19527934,17.19322254,86.4541704,7.040139044,0.985671146,0.559337977,5.905449635,12.13,7.05,12.99,119,23,16,195998,Blaine,28558,City,3.570278056,1153667757
14434,MMNH:Mamm:14434,https://arctos.database.museum/guid/MMNH:Mamm:14434,45.3339,-93.1318,M,Muridae,Peromyscus leucopus,Anoka,1979,2662.053644,622.1649607,73.14906115,5757.716572,7231.502571,1028.491336,0.080415818,0.92972748,16.29357466,132.600505,0.096290905,7.793193687,15.52323033,131.8321311,41.04363186,0.758978647,0.896975105,4.361952945,14.89,8.39,12.15,174,74,16,195998,Township of Linwood,2839,Township,3017.811816,1153667757
14436,MMNH:Mamm:14436,https://arctos.database.museum/guid/MMNH:Mamm:14436,45.2941,-93.1672,F,Muridae,Peromyscus leucopus,Anoka,1979,4325.266941,889.1770214,72.32611993,6724.333053,9913.321594,1159.648857,0.112045202,0.741482095,56.47841463,119.2630455,0.215980627,16.58815765,18.03394624,119.2152677,25.21024513,1.040869361,0.44745072,4.195518521,14.58,7.99,12.12,185,83,18,195998,East Bethel,6626,City,3932.135986,1153667757
15667,MMNH:Mamm:15667,https://arctos.database.museum/guid/MMNH:Mamm:15667,45.189,-93.1522,M,Soricidae,Blarina brevicauda,Anoka,1982,3119.983311,647.5621216,202.2439288,4177.963066,6732.595826,1473.475634,0.153314781,2.237605507,23.35752012,229.8057633,0.196515182,11.89810531,15.581187,134.7057493,46.73383275,1.306720963,0.40482793,18.37387362,12.06,6.89,12.69,119,25,17,195998,Circle Pines,3321,City,4487.359064,1153667757
16300,MMNH:Mamm:16300,https://arctos.database.museum/guid/MMNH:Mamm:16300,45.179,-93.2499,M,Muridae,Peromyscus leucopus,Anoka,1982,4522.409353,428.0542587,50.5853021,3243.440282,4197.785244,851.2375027,0.063612796,1.959078539,2.675989297,89.91485836,0.082919177,1.127095626,9.065685604,114.9549201,24.79669731,1.196857697,0.18354693,6.167829731,15.79,7.94,12.04,163,67,21,195998,Blaine,28558,City,2344.766106,1153667757
15006,MMNH:Mamm:15006,https://arctos.database.museum/guid/MMNH:Mamm:15006,45.1608,-93.2347,M,Muridae,Peromyscus leucopus,Anoka,1986,2383.708556,476.3565327,35.36679696,4019.736306,6160.535657,828.9749504,0.043020247,0.53338191,14.88067714,87.70911749,0.127510829,7.991397948,11.0009946,85.03108153,9.777769474,0.633619301,0.337826624,3.849409131,15.98,7.93,11.93,167,79,22,243641,Blaine,38975,City,3.570278056,1153667757
15007,MMNH:Mamm:15007,https://arctos.database.museum/guid/MMNH:Mamm:15007,45.1608,-93.2347,F,Muridae,Peromyscus leucopus,Anoka,1986,2596.782311,452.7660448,35.40809168,4088.105517,4573.69184,693.4598708,0.048417141,0.665764266,10.05570727,123.3331047,0.16134361,16.79570003,14.23169545,112.8602353,4.937380615,0.604797754,0.277015547,4.284899276,15.33,7.47,11.85,150,65,20,243641,Blaine,38975,City,3.570278056,1153667757
603,MMNH:Mamm:603,https://arctos.database.museum/guid/MMNH:Mamm:603,44.9033,-93.5661,,Sciuridae,Sciurus carolinensis,Hennepin,1911,1668.999975,364.0894236,1741.842978,2437.948844,7437.099946,231.3318805,0.065301326,0.684089605,2.865379646,73.31006903,0.082566467,0.894079762,4.051458623,37.86775662,26920.90782,0.311570989,0.044932519,8.102864165,35.27,20.08,27.19,550,275,69.9,333480,Excelsior,1015,City,3.381802766,1570587028
18984,MMNH:Mamm:18984,https://arctos.database.museum/guid/MMNH:Mamm:18984,44.7528,-93.2033,F,Muridae,Peromyscus leucopus,Dakota,2004,2913.814422,440.9688699,55.07177021,4624.105137,6283.418744,989.9001227,<LOD,0.922178367,16.28216282,477.6931071,0.057164042,14.24693779,19.58989232,76.44651493,71.23229961,1.205788396,0.128786403,1.998296254,13.85,7.87,12.06,135,62,19,NA,Apple Valley,NA,City,2575.519793,1517492273
18554,MMNH:Mamm:18554,https://arctos.database.museum/guid/MMNH:Mamm:18554,45.2148,-93.0854,F,Muridae,Peromyscus leucopus,Anoka,1999,4552.782664,584.4494393,45.91430841,6560.68306,9391.407767,717.8882029,<LOD,0.503744327,7.792204893,65.17513493,0.051238129,6.247053433,26.44879796,145.0446608,183.0018609,0.727938484,0.761000045,4.555642019,15.12,8.07,11.76,167,78,20,NA,Columbus,NA,City,5982.343956,1153667757
18947,MMNH:Mamm:18947,https://arctos.database.museum/guid/MMNH:Mamm:18947,45.124,-93.2743,F,Sciuridae,Sciurus carolinensis,Anoka,2004,1810.458416,230.7124433,40.7467818,2428.846651,2687.198894,363.2458024,0.010618797,0.150292273,4.679458582,21.32978769,0.008584787,0.361833619,4.582042984,47.1215362,22.990387,0.633838986,0.022913526,1.197001156,32.63,18.77,25.81,490,205,55,NA,Spring Lake Park,NA,City,3390.912597,1153667757
4195,MMNH:Mamm:4195,https://arctos.database.museum/guid/MMNH:Mamm:4195,44.98,-93.2636,M,Muridae,Peromyscus leucopus,Hennepin,1931,23539.52312,276.9155681,78.5360048,2046.808299,3358.048386,929.2470965,<LOD,2.776700099,11.33566358,294.3954872,0.122465215,4.532742745,84.77982559,249.028523,2024.793754,0.811286664,1.213159171,42.86424853,15.6,8.15,11.72,160,76,19,517785,Minneapolis,464350,City,0.78147244,1570587028
1784,MMNH:Mamm:1784,https://arctos.database.museum/guid/MMNH:Mamm:1784,45.0167,-93.45,F,Muridae,Peromyscus leucopus,Hennepin,1938,2205.075922,430.5737897,326.2413463,3745.04225,5736.451031,624.2370899,0.69030246,1.460217253,3.045209533,98.02558729,0.515524259,3.762577661,32.2625974,91.91898625,40450.16859,1.229712564,0.740206843,50.98779216,15.7,8.31,12.08,162,70,20,568899,Plymouth,2989,City,798.7894575,1570587028
1385,MMNH:Mamm:1385,https://arctos.database.museum/guid/MMNH:Mamm:1385,44.8897,-93.3497,,Soricidae,Blarina brevicauda,Hennepin,1939,7164.672856,476.4852071,44.4002785,3603.387645,5095.869671,678.1193156,0.260030381,0.641068678,8.714622822,209.0355152,0.254614666,21.46720212,23.63761941,88.27418148,5938.741853,1.384591027,0.379211982,15.08706583,12.24,6.99,13.78,127,25.4,19,568899,Edina,5855,City,2.891688851,1570587028
1413,MMNH:Mamm:1413,https://arctos.database.museum/guid/MMNH:Mamm:1413,NA,NA,F,Vespertilionidae,Eptesicus fuscus,Hennepin,1940,6048.589023,703.0159156,302.6912638,1411.512629,2757.366051,3979.029484,1.71751064,6.437474604,25.65055666,826.7851053,0.644719147,11.84928497,252.3354437,189.955465,18702.80317,1.664859778,3.550658646,209.0858098,9.97,5.73,8.73,109,39.5,11,568899,,NA,,NA,1570587028
1876,MMNH:Mamm:1876,https://arctos.database.museum/guid/MMNH:Mamm:1876,44.98,-93.2636,,Sciuridae,Sciurus carolinensis,Hennepin,1943,6878.343365,434.0664262,18.51806168,2507.403266,2546.55219,424.8049172,0.239134654,0.802170948,4.170423659,61.77941329,0.054635,2.01241482,7.722802794,67.38034663,17621.41031,0.280813301,0.626210765,12.22713947,36.58,19.62,25.85,368.3007366,228.6004572,60.32512065,568899,Minneapolis,492370,City,0.78147244,1570587028
1971,MMNH:Mamm:1971,https://arctos.database.museum/guid/MMNH:Mamm:1971,44.98,-93.2636,M,Sciuridae,Sciurus carolinensis,Hennepin,1946,22015.06807,243.3691774,29.73813683,2786.858236,4546.226333,423.247346,0.112814438,0.59083588,2.712797302,78.53199351,0.054322796,1.230634087,6.966134822,60.73105742,1762.120585,0.326332356,0.284312602,13.29331212,34.46,18.89,25.34,400,180,60,676579,Minneapolis,521718,City,0.78147244,1570587028
1978,MMNH:Mamm:1978,https://arctos.database.museum/guid/MMNH:Mamm:1978,NA,NA,M,Vespertilionidae,Eptesicus fuscus,Hennepin,1946,6656.167816,249.0324151,70.94857773,1761.487991,3543.229158,873.210499,0.668564371,2.113986635,7.35381444,311.8072182,0.152144897,6.673494824,18.89133328,133.2195201,759.4974624,2.647302397,1.031136725,51.06717406,9.74,5.58,8.46,108,38,10,676579,,NA,,NA,1570587028
2633,MMNH:Mamm:2633,https://arctos.database.museum/guid/MMNH:Mamm:2633,45.0167,-93.45,M,Muridae,Peromyscus leucopus,Hennepin,1948,44392.5935,1141.008726,297.9913523,6648.579905,8618.827048,1955.661924,1.180886713,2.626623014,44.72438174,1552.784657,0.470823543,3.423424858,99.56264985,162.1521322,873.4527521,2.910319302,0.395095192,63.18941854,16.06,8.29,12.11,163,69,19,676579,Plymouth,5818,City,798.7894575,1570587028
3171,MMNH:Mamm:3171,https://arctos.database.museum/guid/MMNH:Mamm:3171,NA,NA,M,Vespertilionidae,Eptesicus fuscus,Hennepin,1951,21187.85193,1306.616191,172.9445273,2509.032082,4281.154403,2277.216313,2.86214064,3.171107291,19.47495821,569.2127003,0.884703166,2.854585108,31.4521327,247.1511388,154.3027742,3.871985473,2.409630382,148.7660346,9.89,5.37,8.57,113,41,12,676579,,NA,,NA,1570587028
3333,MMNH:Mamm:3333,https://arctos.database.museum/guid/MMNH:Mamm:3333,45.1734,-93.4256,M,Muridae,Peromyscus leucopus,Hennepin,1951,27072.71653,255.6367259,31.79069211,2173.047904,4280.552778,571.7910637,0.626406784,3.576889707,5.338960477,414.6403573,0.182609348,1.636755849,11.18791905,71.57824608,183.2684014,0.319917235,0.244863628,7.643329677,15.97,8.7,12.47,153,68,22,676579,Champlin,828,City,2816.701487,1570587028
3099,MMNH:Mamm:3099,https://arctos.database.museum/guid/MMNH:Mamm:3099,44.98,-93.2636,M,Sciuridae,Sciurus carolinensis,Hennepin,1952,21511.95331,174.3475816,13.34114031,2067.529292,3041.865406,252.8362366,0.096866026,0.99207949,1.96123947,213.0488658,0.07625967,3.9414952,11.90391292,42.47382648,234.7210396,0.281513558,1.288976878,5.069774528,35.42,18.91,24.89,425.4508509,203.2004064,63.500127,676579,Minneapolis,521718,City,0.78147244,1570587028
3864,MMNH:Mamm:3864,https://arctos.database.museum/guid/MMNH:Mamm:3864,44.9147,-93.2097,M,Sciuridae,Sciurus carolinensis,Hennepin,1956,15408.91764,94.55558628,8.218470134,2010.166699,3064.049843,233.2432803,<LOD,0.224855219,0.652454049,30.91762925,0.018324936,0.247582463,4.992290191,31.30376653,305.3717124,0.408950771,0.038035003,1.390789666,35.57,19.83,24.93,488.9509779,228.6004572,63.500127,842854,Unorganized Territory of Fort Snelling,NA,Unorganized,4090.475242,1570587028
4167,MMNH:Mamm:4167,https://arctos.database.museum/guid/MMNH:Mamm:4167,45.0322,-93.3383,,Soricidae,Blarina brevicauda,Hennepin,1957,NA,NA,NA,NA,NA,NA,,NA,NA,NA,NA,NA,NA,NA,NA,NA,NA,NA,11.23,6.44,13.14,131,30,16,842854,Robbinsdale,16381,City,3.370228929,1570587028
4168,MMNH:Mamm:4168,https://arctos.database.museum/guid/MMNH:Mamm:4168,NA,NA,,Soricidae,Blarina brevicauda,Hennepin,1958,NA,NA,NA,NA,NA,NA,,NA,NA,NA,NA,NA,NA,NA,NA,NA,NA,NA,11.35,6.87,13.32,128,30,16,842854,,NA,,NA,1570587028
4426,MMNH:Mamm:4426,https://arctos.database.museum/guid/MMNH:Mamm:4426,45.0942,-93.3561,F,Sciuridae,Sciurus carolinensis,Hennepin,1958,4136.862424,208.5961817,15.25761751,1554.92772,1968.369341,464.1735844,0.065529575,0.230798945,2.371847025,56.51483382,0.078559252,5.028066786,9.104403545,42.54384352,134.4193935,0.479937343,0.215968928,4.067548157,34.49,19.38,27.19,484,219,66,842854,Brooklyn Park,10197,City,3.188596563,1570587028
4505,MMNH:Mamm:4505,https://arctos.database.museum/guid/MMNH:Mamm:4505,NA,NA,F,Vespertilionidae,Eptesicus fuscus,Hennepin,1958,NA,NA,NA,NA,NA,NA,,NA,NA,NA,NA,NA,NA,NA,NA,NA,NA,NA,10.32,5.62,8.95,120,44,12,842854,,NA,,NA,1570587028
3673,MMNH:Mamm:3673,https://arctos.database.museum/guid/MMNH:Mamm:3673,NA,NA,M,Vespertilionidae,Eptesicus fuscus,Hennepin,1959,50836.23433,130.4986605,22.95062091,1398.758587,769.8570505,341.6157,0.148159817,0.565072207,3.228841916,159.1386812,0.057631791,0.694137328,16.01110443,57.64475454,92.0928261,0.819476145,0.563354553,12.82752872,9.37,5.24,8.72,105,27,11,842854,,NA,,NA,1570587028
4893,MMNH:Mamm:4893,https://arctos.database.museum/guid/MMNH:Mamm:4893,NA,NA,F,Vespertilionidae,Eptesicus fuscus,Hennepin,1960,NA,NA,NA,NA,NA,NA,,NA,NA,NA,NA,NA,NA,NA,NA,NA,NA,NA,10.39,5.57,8.53,116,42,13,842854,,NA,,NA,1570587028
5919,MMNH:Mamm:5919,https://arctos.database.museum/guid/MMNH:Mamm:5919,44.8547,-93.4706,M,Muridae,Peromyscus leucopus,Hennepin,1960,2477.058507,701.6741519,121.0835238,4153.718985,5488.998508,911.0645315,<LOD,1.145208015,9.255710685,367.7927424,0.106118926,1.261561468,26.10915223,101.2279951,218.5979029,2.141152595,0.518014521,53.78754098,15.19,7.97,11.4,160,70,21,842854,Eden Prairie,6938,City,3.842826563,1570587028
5716,MMNH:Mamm:5716,https://arctos.database.museum/guid/MMNH:Mamm:5716,45.0408,-93.2628,M,Sciuridae,Sciurus carolinensis,Hennepin,1962,14571.21837,284.3237435,23.48648165,1999.187544,3608.067287,320.9411953,0.215450402,1.112586449,10.60488427,57.42775082,0.061954476,1.424232317,10.89284647,61.84296419,88.67981114,0.275550086,0.430887197,13.97929941,36.42,18.76,26.3,480,214,63,842854,Columbia Heights,17533,City,3.507769846,1570587028
8562,MMNH:Mamm:8562,https://arctos.database.museum/guid/MMNH:Mamm:8562,45.0751,-93.7321,F,Soricidae,Blarina brevicauda,Hennepin,1967,26452.87203,525.4030516,22.26265224,2761.320406,5534.538737,1004.112144,0.07367911,0.409800666,7.05361171,193.2499845,0.112034346,0.494047547,9.466590381,106.8176569,35.84635639,0.891606062,0.151658218,1.994625253,11.36,6.71,12.57,127,25,16,960080,Rockford,730,City,1478.799549,1570587028
8567,MMNH:Mamm:8567,https://arctos.database.museum/guid/MMNH:Mamm:8567,45.0751,-93.7321,M,Soricidae,Blarina brevicauda,Hennepin,1967,31461.63521,516.4632805,25.52719248,2886.161312,6121.906481,861.2501132,0.05891501,0.892117275,4.748890854,105.809041,0.094211288,0.618955581,5.743588525,87.93324615,75.11548767,0.999817823,0.147223585,5.021379685,11.57,6.73,12.95,127,26,17,960080,Rockford,730,City,1478.799549,1570587028
11630,MMNH:Mamm:11630,https://arctos.database.museum/guid/MMNH:Mamm:11630,NA,NA,M,Vespertilionidae,Eptesicus fuscus,Hennepin,1972,1430.66372,673.6306837,325.8628567,1301.763698,3049.924329,2999.507908,3.18137438,3.834861635,26.31846123,844.1148665,0.480732457,3.944757272,21.11697922,151.0368527,8.462063108,1.570878346,1.51262729,183.9304347,10.19,5.52,9.07,145,40,12,960080,,NA,,NA,1570587028
11631,MMNH:Mamm:11631,https://arctos.database.museum/guid/MMNH:Mamm:11631,NA,NA,M,Vespertilionidae,Eptesicus fuscus,Hennepin,1972,2034.765912,452.9783789,133.5709008,2187.354609,5291.09602,1321.039324,1.150269908,17.19357297,16.14290082,415.8702865,0.297905489,10.68876522,14.1940149,155.7404797,35.34002564,1.327219715,0.967939663,81.6986344,9.92,5.5,8.85,118,47,12,960080,,NA,,NA,1570587028
12285,MMNH:Mamm:12285,https://arctos.database.museum/guid/MMNH:Mamm:12285,45.9,-93.33,F,Sciuridae,Sciurus carolinensis,Hennepin,1973,1897.62383,196.3934925,18.00493032,1770.390197,3429.587424,494.111303,0.043273978,0.397115634,5.20316592,39.1949616,0.047995565,3.427325195,7.477037858,35.09697369,15.48106042,0.615084575,1.665542354,4.930146966,34.8,19.04,26.71,495,232,73,960080,Mora,2582,City,3812.785352,1570587028
13154,MMNH:Mamm:13154,https://arctos.database.museum/guid/MMNH:Mamm:13154,45.0251,-93.8118,F,Sciuridae,Sciurus carolinensis,Hennepin,1974,1187.101284,254.0428286,11.82256673,1702.229926,1835.984868,669.7928698,0.031205817,0.529106391,10.71955639,32.03440348,0.065535344,3.882214335,7.462288969,46.7030057,8.409036845,0.315649633,0.394258442,4.248165472,37.06,19.03,26.17,500,222,73,960080,Delano,NA,City,2599.324763,1570587028
1060,MMNH:Mamm:1060,https://arctos.database.museum/guid/MMNH:Mamm:1060,44.9444,-93.0931,M,Soricidae,Blarina brevicauda,Ramsey,1925,1802.924506,310.0684479,51.25610952,1726.052116,2872.715727,710.5468838,0.630939887,1.118405731,8.718278024,168.6739627,0.168851075,5.49353396,57.9693673,92.03570373,171355.893,2.461920626,1.032676347,19.05556913,12.82,7.03,13.51,133.4,25.4,15.9,286721,St. Paul,271606,City,1125.905387,440051120.3
18383,MMNH:Mamm:18383,https://arctos.database.museum/guid/MMNH:Mamm:18383,NA,NA,,Vespertilionidae,Eptesicus fuscus,Ramsey,1937,6257.062728,484.5369164,160.1680088,2411.284788,4040.30869,1691.847213,0.965746874,3.567161828,14.62554543,494.911097,0.342070236,5.046990533,39.16667384,208.4576672,25361.69489,3.74410134,20.53281544,65.54008851,10.34,5.79,8.78,111,45,13,309935,,NA,,NA,440051120.3
18278,MMNH:Mamm:18278,https://arctos.database.museum/guid/MMNH:Mamm:18278,44.8477,-93.4597,M,Soricidae,Blarina brevicauda,Hennepin,1997,3984.176932,690.4823637,71.7157712,6298.08682,6818.58149,1037.013537,0.074232847,0.600958214,12.93615719,186.6745205,0.50872753,23.53179532,34.6686972,124.5509717,13.1411873,1.622301923,0.582617779,3.07495442,12.17,7.07,13.78,132,22,17,NA,Eden Prairie,NA,City,1159.540162,1570587028
18299,MMNH:Mamm:18299,https://arctos.database.museum/guid/MMNH:Mamm:18299,45.002,-93.5706,F,Muridae,Peromyscus leucopus,Hennepin,1997,2591.510275,631.0431866,68.49216145,4774.380888,8221.608784,1562.320284,0.096358402,0.787649891,35.682435,116.9419301,0.186295968,46.13176622,50.62372691,114.207962,14.37525968,1.023323104,0.590944728,2.538382168,15.62,7.89,11.34,172,72,20,NA,Long Lake,NA,City,1704.042661,1570587028
18948,MMNH:Mamm:18948,https://arctos.database.museum/guid/MMNH:Mamm:18948,44.9844,-93.2184,F,Sciuridae,Sciurus carolinensis,Hennepin,2003,2346.741526,348.2900837,119.8071839,3466.913099,4260.813593,508.4197671,0.024505191,0.425961544,15.71568281,41.34378399,0.021657702,3.011260457,6.014709832,38.55269692,7.714854569,0.812438721,0.087734992,0.583066006,36.86,20.21,26.94,477,280,62,NA,Lauderdale,NA,City,1875.141423,1570587028
2916,MMNH:Mamm:2916,https://arctos.database.museum/guid/MMNH:Mamm:2916,44.9444,-93.0931,M,Sciuridae,Sciurus carolinensis,Ramsey,1950,15372.99857,152.0948158,33.66619282,1670.127603,3411.351887,413.0207325,0.233065477,0.675230735,3.322780055,79.78993426,0.166346342,8.960505653,11.75813763,42.09253211,391.735439,0.464079211,0.293927415,20.08994898,34.55,19.24,27.58,571,207,73,355382,St. Paul,311349,City,1125.905387,440051120.3
2917,MMNH:Mamm:2917,https://arctos.database.museum/guid/MMNH:Mamm:2917,44.9444,-93.0931,M,Sciuridae,Sciurus carolinensis,Ramsey,1950,2118.697322,146.6433779,2010.103265,1869.252727,1545.97618,14780.89507,0.115618574,0.453380463,2.25474954,84.46899557,0.054948305,1.496025437,4.650866929,32.19084765,21503.58376,0.646841884,0.152569606,4.062991603,34.81,19.62,27.11,337,193,66,355382,St. Paul,311349,City,1125.905387,440051120.3
5079,MMNH:Mamm:5079,https://arctos.database.museum/guid/MMNH:Mamm:5079,45.0061,-93.1564,F,Muridae,Peromyscus leucopus,Ramsey,1958,3034.557982,509.0400223,219.2176414,2871.300456,5329.266143,2215.282099,0.870198336,2.097303364,20.71349679,468.4635994,0.380868603,3.258227487,22.74675636,124.5559041,255.2113587,0.651823957,2.574711101,77.9442434,15.19,7.98,12.1,170,70,19,422525,Roseville,23997,City,1.324066635,440051120.3
5558,MMNH:Mamm:5558,https://arctos.database.museum/guid/MMNH:Mamm:5558,45.0774,-93.2046,F,Soricidae,Blarina brevicauda,Ramsey,1958,4220.597676,773.9137864,181.9009793,4223.583729,6531.356654,1005.843681,0.215594337,1.365384881,16.90035296,782.5074296,1.029746643,15.73205258,18.44647932,816.9973516,74.59882006,1.442604854,2.022620813,23.95829836,11.58,6.98,12.88,120,23,14,422525,New Brighton,6448,City,1335.471269,440051120.3
6020,MMNH:Mamm:6020,https://arctos.database.museum/guid/MMNH:Mamm:6020,NA,NA,F,Vespertilionidae,Eptesicus fuscus,Ramsey,1960,NA,NA,NA,NA,NA,NA,,NA,NA,NA,NA,NA,NA,NA,NA,NA,NA,NA,9.94,5.51,8.81,118,47,12,422525,,NA,,NA,440051120.3
15676,MMNH:Mamm:15676,https://arctos.database.museum/guid/MMNH:Mamm:15676,44.9991,-93.151,M,Sciuridae,Sciurus carolinensis,Ramsey,1979,3038.206181,479.9313271,90.20050611,4396.595012,5800.897662,566.7648541,0.176790216,0.53699454,14.24516833,132.7133542,0.085856441,0.606016234,4.005624954,35.62364079,4.744643228,0.51211362,0.083933685,2.060678732,31.87,19.53,26.49,445,214,64,459784,Roseville,35820,City,887.0236861,440051120.3
9214,MMNH:Mamm:9214,https://arctos.database.museum/guid/MMNH:Mamm:9214,45.0606,-93.0926,M,Muridae,Peromyscus leucopus,Ramsey,1966,26564.17155,438.9213425,23.6292725,3230.514729,6314.097978,378.6702796,0.045691317,0.297395172,8.215037838,81.91729331,0.054615795,0.54617626,8.340068586,84.28650411,22.85563355,0.672293243,0.137522726,3.090140019,15.73,7.97,11.91,162,74,19,476255,Vadnais Heights,3411,City,1534.338679,440051120.3
9216,MMNH:Mamm:9216,https://arctos.database.museum/guid/MMNH:Mamm:9216,45.0606,-93.0926,F,Muridae,Peromyscus leucopus,Ramsey,1966,18128.15974,370.1644858,21.14020426,2659.982758,4971.844306,507.9199101,0.053372713,0.739467498,2.963891864,110.0351081,0.066410052,1.831163877,6.133892455,78.00201174,23.33165593,0.537830241,0.259271929,3.365475302,15.83,7.83,12.16,149,62,20,476255,Vadnais Heights,3411,City,1534.338679,440051120.3
8945,MMNH:Mamm:8945,https://arctos.database.museum/guid/MMNH:Mamm:8945,45.0606,-93.0926,F,Soricidae,Blarina brevicauda,Ramsey,1968,27207.66427,650.2086147,30.23442001,3671.086922,7760.390327,695.5562716,0.091283042,0.52951972,9.984387433,216.052477,0.095053571,0.811937271,8.897203227,1000.324415,27.03584934,0.780666659,1.072034668,9.722108857,11.79,6.97,12.91,127,30,15.5,476255,Vadnais Heights,3411,City,1534.338679,440051120.3
8946,MMNH:Mamm:8946,https://arctos.database.museum/guid/MMNH:Mamm:8946,45.0606,-93.0926,M,Soricidae,Blarina brevicauda,Ramsey,1968,22840.99839,476.3625848,29.51086281,4022.00115,6856.604215,552.3553655,0.101982268,0.853371925,6.66929274,118.1161492,0.094534346,1.978354062,8.379748312,1514.504874,21.43210764,1.296355268,1.135136537,14.03973065,11.31,6.91,12.8,122,29,16,476255,Vadnais Heights,3411,City,1534.338679,440051120.3
9631,MMNH:Mamm:9631,https://arctos.database.museum/guid/MMNH:Mamm:9631,45.0606,-93.0926,M,Muridae,Peromyscus leucopus,Ramsey,1968,41900.97729,408.7833721,39.65007156,3720.136166,6300.449069,465.8591396,0.103142146,0.55842109,3.822359482,112.9480702,0.071848,0.627551506,7.33722087,60.46533444,18.51522513,0.344117499,0.461024343,5.360723781,15.15,7.71,11.88,167,78,19,476255,Vadnais Heights,3411,City,1534.338679,440051120.3
9634,MMNH:Mamm:9634,https://arctos.database.museum/guid/MMNH:Mamm:9634,45.0606,-93.0926,F,Muridae,Peromyscus leucopus,Ramsey,1968,43025.33338,1271.211065,48.95816527,3812.173528,5036.395362,717.8159562,0.349215663,0.480810025,107.1229294,392.8115303,0.211266437,1.199480533,17.04694058,54.02129477,57.282142,0.45051842,0.256251679,6.331904107,14.91,7.95,11.52,152,66,18,476255,Vadnais Heights,3411,City,1534.338679,440051120.3
12360,MMNH:Mamm:12360,https://arctos.database.museum/guid/MMNH:Mamm:12360,44.9917,-93.1661,F,Muridae,Peromyscus leucopus,Ramsey,1973,3233.52824,597.9539448,14.49299173,4578.225848,6822.117955,446.5419621,0.034852756,0.526651576,6.130397722,77.02654943,0.052081118,1.753818527,5.622017947,73.25481479,5.278071283,0.679770824,0.105763044,5.435769046,16,8.35,12.09,169,79,21,476255,Falcon Heights,5530,City,3.388527649,440051120.3
13143,MMNH:Mamm:13143,https://arctos.database.museum/guid/MMNH:Mamm:13143,45.075,-93.1264,M,Soricidae,Blarina brevicauda,Ramsey,1974,2368.395536,497.5460075,29.27745222,2275.28413,4878.706217,1271.978947,0.083651761,0.740606884,13.52699161,98.12253237,0.10238424,8.070287843,24.37705422,105.270311,41.89706492,0.902115803,0.835820129,8.895043721,12.01,6.71,13.1,119,26,14,476255,Shoreview,10978,City,1681.683395,440051120.3
19026,MMNH:Mamm:19026,https://arctos.database.museum/guid/MMNH:Mamm:19026,NA,NA,M,Vespertilionidae,Eptesicus fuscus,Ramsey,1995,1805.486322,992.4579412,136.960456,3781.067462,5816.859475,1459.912201,0.374383344,0.955214406,19.91887402,328.7827974,0.125913647,0.975726192,12.43673999,134.6558999,18.53227968,2.255007823,0.260319633,17.54477592,10.07,5.73,8.39,105,45,12,NA,,NA,,NA,440051120.3
18986,MMNH:Mamm:18986,https://arctos.database.museum/guid/MMNH:Mamm:18986,44.979,-93.1844,F,Muridae,Peromyscus leucopus,Ramsey,2004,5566.688813,622.8507178,41.50887345,5936.586569,11025.30411,954.5907902,<LOD,1.220031578,5.591794069,82.03399537,0.215291055,1.740997779,14.08396867,164.765635,10.72897145,1.01317054,0.10045167,2.00376298,15.8,8.05,11.89,158,75,21,NA,Falcon Heights,NA,City,2014.987808,440051120.3
19071,MMNH:Mamm:19071,https://arctos.database.museum/guid/MMNH:Mamm:19071,44.979,-93.1844,F,Muridae,Peromyscus leucopus,Ramsey,2004,4472.362641,920.923464,235.1508779,7128.946905,14099.83391,1731.157837,0.331406862,2.188830156,11.23456293,176.5312914,0.119816925,1.873088508,10.32128702,187.5255057,165.77265,2.42823875,0.176695081,8.898414899,15.31,7.77,11.95,161,77,20,NA,Falcon Heights,NA,City,2014.987808,440051120.3
19072,MMNH:Mamm:19072,https://arctos.database.museum/guid/MMNH:Mamm:19072,44.979,-93.1844,M,Muridae,Peromyscus leucopus,Ramsey,2004,2365.272377,769.3299383,122.4840409,5434.322208,7687.380391,935.7071374,0.196158622,1.865009097,8.072114447,434.2224507,0.083958594,2.657555273,14.4349738,160.995924,127.9611786,1.495996213,0.659802163,7.550200291,15.39,8.38,11.94,140,69,19,NA,Falcon Heights,NA,City,2014.987808,440051120.3